tmdb_id,title,type,season,episode,quality,size,vcloud_url,url_480p,url_720p,url_1080p,label
1399,"Game of Thrones",batch_zip,8,,"480p","1.4GB","https://nexdrive.fit/genxfm784776336312/","","","","🧲 Batch/Zip [1.4GB]"
1399,"Game of Thrones",batch_zip,8,,"720p","3.8GB","https://nexdrive.fit/genxfm784776336320/","","","","🧲 Batch/Zip [3.8GB]"
1399,"Game of Thrones",batch_zip,8,,"1080p","9GB","https://nexdrive.fit/genxfm784776336326/","","","","🧲 Batch/Zip [9GB]"
1399,"Game of Thrones",batch_zip,7,,"480p","1.4GB","https://nexdrive.fit/genxfm784776336295/","","","","🧲 Batch/Zip [1.4GB]"
1399,"Game of Thrones",batch_zip,7,,"720p","3.8GB","https://nexdrive.fit/genxfm784776336301/","","","","🧲 Batch/Zip [3.8GB]"
1399,"Game of Thrones",batch_zip,7,,"1080p","9GB","https://nexdrive.fit/genxfm784776336306/","","","","🧲 Batch/Zip [9GB]"
1399,"Game of Thrones",batch_zip,6,,"480p","1.8GB","https://nexdrive.fit/genxfm784776336274/","","","","🧲 Batch/Zip [1.8GB]"
1399,"Game of Thrones",batch_zip,6,,"720p","5GB","https://nexdrive.fit/genxfm784776336278/","","","","🧲 Batch/Zip [5GB]"
1399,"Game of Thrones",batch_zip,6,,"1080p","11.5GB","https://nexdrive.fit/genxfm784776336285/","","","","🧲 Batch/Zip [11.5GB]"
1399,"Game of Thrones",batch_zip,5,,"480p","1.7GB","https://nexdrive.fit/genxfm784776336255/","","","","🧲 Batch/Zip [1.7GB]"
1399,"Game of Thrones",batch_zip,5,,"720p","4.9GB","https://nexdrive.fit/genxfm784776336269/","","","","🧲 Batch/Zip [4.9GB]"
1399,"Game of Thrones",batch_zip,5,,"1080p","12GB","https://nexdrive.fit/genxfm784776336261/","","","","🧲 Batch/Zip [12GB]"
1399,"Game of Thrones",batch_zip,4,,"480p","1.9GB","https://nexdrive.fit/genxfm784776336231/","","","","🧲 Batch/Zip [1.9GB]"
1399,"Game of Thrones",batch_zip,4,,"720p","5GB","https://nexdrive.fit/genxfm784776336239/","","","","🧲 Batch/Zip [5GB]"
1399,"Game of Thrones",batch_zip,4,,"1080p","11.3GB","https://nexdrive.fit/genxfm784776336245/","","","","🧲 Batch/Zip [11.3GB]"
1399,"Game of Thrones",batch_zip,3,,"480p","1.8GB","https://nexdrive.fit/genxfm784776336208/","","","","🧲 Batch/Zip [1.8GB]"
1399,"Game of Thrones",batch_zip,3,,"720p","5GB","https://nexdrive.fit/genxfm784776336218/","","","","🧲 Batch/Zip [5GB]"
1399,"Game of Thrones",batch_zip,3,,"1080p","11.5GB","https://nexdrive.fit/genxfm784776336223/","","","","🧲 Batch/Zip [11.5GB]"
1399,"Game of Thrones",batch_zip,3,,"2160p","","https://nexdrive.fit/genxfm784776337600/","","","","Download Now"
1399,"Game of Thrones",batch_zip,2,,"480p","1.6GB","https://nexdrive.fit/genxfm784776336171/","","","","🧲 Batch/Zip [1.6GB]"
1399,"Game of Thrones",batch_zip,2,,"720p","5.4GB","https://nexdrive.fit/genxfm784776336181/","","","","🧲 Batch/Zip [5.4GB]"
1399,"Game of Thrones",batch_zip,2,,"1080p","11.1GB","https://nexdrive.fit/genxfm784776336200/","","","","🧲 Batch/Zip [11.1GB]"
1399,"Game of Thrones",batch_zip,2,,"2160p","","https://nexdrive.fit/genxfm784776337308/","","","","Download Now"
1399,"Game of Thrones",batch_zip,1,,"480p","1.8GB","https://nexdrive.fit/genxfm784776336045/","","","","🧲 Batch/Zip [1.8GB]"
1399,"Game of Thrones",batch_zip,1,,"720p","5GB","https://nexdrive.fit/genxfm784776336051/","","","","🧲 Batch/Zip [5GB]"
1399,"Game of Thrones",batch_zip,1,,"1080p","11.5GB","https://nexdrive.fit/genxfm784776336060/","","","","🧲 Batch/Zip [11.5GB]"
1399,"Game of Thrones",batch_zip,1,,"2160p","","https://nexdrive.fit/genxfm784776336678/","","","","Download Now"
1399,"Game of Thrones",episode,1,1,"multi","","https://fastdl.zip/embed?download=PBk6POjU1JNWGUslwhc1eb4lg","https://fastdl.zip/embed?download=6h1Hd44YfaqpE1r6kW9k4vdyw","https://fastdl.zip/embed?download=PBk6POjU1JNWGUslwhc1eb4lg","https://vcloud.fit/rsp5w_w98rd1s6c","Episode 1"
1399,"Game of Thrones",episode,1,2,"multi","","https://fastdl.zip/embed?download=A1em3RXT0piR5JfHbM0nLtNvj","https://fastdl.zip/embed?download=Clb6jPOlMmd7cK0eYl1JgQFAk","https://fastdl.zip/embed?download=A1em3RXT0piR5JfHbM0nLtNvj","https://vcloud.fit/8tdk1d2c1a5omr5","Episode 2"
1399,"Game of Thrones",episode,1,3,"multi","","https://fastdl.zip/embed?download=upBUAUdpYcGO4G0fjlpCgnZpS","https://fastdl.zip/embed?download=XRm0U6MXktZC9InCGKYkDvt5O","https://fastdl.zip/embed?download=upBUAUdpYcGO4G0fjlpCgnZpS","https://vcloud.fit/qc58jf1-f-p8jfm","Episode 3"
1399,"Game of Thrones",episode,1,4,"multi","","https://fastdl.zip/embed?download=EY5iqEbDrUugDLSYO1a6dn2HD","https://fastdl.zip/embed?download=RCKgrPyq4krwqysLeFzPCoEGC","https://fastdl.zip/embed?download=EY5iqEbDrUugDLSYO1a6dn2HD","https://vcloud.fit/g9k7gv0bk70g_di","Episode 4"
1399,"Game of Thrones",episode,1,5,"multi","","https://fastdl.zip/embed?download=SOg96XdDeURLLnwumg7d4iRWz","https://fastdl.zip/embed?download=xgmGlh6AMTFKmVmeogTeBLP64","https://fastdl.zip/embed?download=SOg96XdDeURLLnwumg7d4iRWz","https://vcloud.fit/isvdhiy4wpimdic","Episode 5"
1399,"Game of Thrones",episode,1,6,"multi","","https://fastdl.zip/embed?download=oo8sLJwSyXRTUOECm8SA8rnRk","https://fastdl.zip/embed?download=Wh4OwlG0EghG5k4p2qcep5hc6","https://fastdl.zip/embed?download=oo8sLJwSyXRTUOECm8SA8rnRk","https://vcloud.fit/npzypnl5y5p-5im","Episode 6"
1399,"Game of Thrones",episode,1,7,"multi","","https://fastdl.zip/embed?download=aVxGhAuXcVBCcEIz3x31R0CTR","https://fastdl.zip/embed?download=Yu9RzZinmlmJEckuW60rR7IVd","https://fastdl.zip/embed?download=aVxGhAuXcVBCcEIz3x31R0CTR","https://vcloud.fit/_ffbwkpxibytf-k","Episode 7"
1399,"Game of Thrones",episode,1,8,"multi","","https://fastdl.zip/embed?download=5zipudJ2bSEAaAfyzh0PLlXEW","https://fastdl.zip/embed?download=gJTSTnoU76DVfV674JlYwNxUT","https://fastdl.zip/embed?download=5zipudJ2bSEAaAfyzh0PLlXEW","https://vcloud.fit/55eoqkw3sn3kvol","Episode 8"
1399,"Game of Thrones",episode,1,9,"multi","","https://fastdl.zip/embed?download=hITqNO72pZW04z8IW93eNazPX","https://fastdl.zip/embed?download=mfdBimSWCMKsB7hUONhDb6VKg","https://fastdl.zip/embed?download=hITqNO72pZW04z8IW93eNazPX","https://vcloud.fit/qv2josj-j1hjom4","Episode 9"
1399,"Game of Thrones",episode,1,10,"multi","","https://fastdl.zip/embed?download=bMbYCZxgEYXxxId9UQeQqq30P","https://fastdl.zip/embed?download=zOS05uQ8efK6M955fstLUXLHq","https://fastdl.zip/embed?download=bMbYCZxgEYXxxId9UQeQqq30P","https://vcloud.fit/oc76q8ab-2xaea6","Episode 10"
1399,"Game of Thrones",episode,2,1,"multi","","https://vcloud.fit/i0iibitylzcjf_v","https://vcloud.fit/oyxqdzojjof5y7f","https://vcloud.fit/i0iibitylzcjf_v","https://vcloud.fit/qh6wi9uwqmkm_4v","Episode 1"
1399,"Game of Thrones",episode,2,2,"multi","","https://vcloud.fit/t-reqwurusmpt_w","https://vcloud.fit/pzdcjzpredhpxq1","https://vcloud.fit/t-reqwurusmpt_w","https://vcloud.fit/unyazqdvuuzqvev","Episode 2"
1399,"Game of Thrones",episode,2,3,"multi","","https://vcloud.fit/xbz0boja027q--z","https://vcloud.fit/zkhtctstfzhjzch","https://vcloud.fit/xbz0boja027q--z","https://vcloud.fit/otiz_vqf_w_o1k3","Episode 3"
1399,"Game of Thrones",episode,2,4,"multi","","https://vcloud.fit/dvov_yteesopoeq","https://vcloud.fit/aymkdcwwdftwhtw","https://vcloud.fit/dvov_yteesopoeq","https://vcloud.fit/4d2ka4x4yiztx3z","Episode 4"
1399,"Game of Thrones",episode,2,5,"multi","","https://vcloud.fit/ye0dc6csyejjrsd","https://vcloud.fit/gaeqsqq6ktfjjfl","https://vcloud.fit/ye0dc6csyejjrsd","https://vcloud.fit/qp4q4piiaq1d4dq","Episode 5"
1399,"Game of Thrones",episode,2,6,"multi","","https://vcloud.fit/9dgl-bfvofzr7lb","https://vcloud.fit/kkfkcm6envejs6w","https://vcloud.fit/9dgl-bfvofzr7lb","https://vcloud.fit/r12ddogirjg1u1d","Episode 6"
1399,"Game of Thrones",episode,2,7,"multi","","https://vcloud.fit/64nll9izlqwnqqz","https://vcloud.fit/mdzdqsf91fmfyyz","https://vcloud.fit/64nll9izlqwnqqz","https://vcloud.fit/rnyusd2eprvddrb","Episode 7"
1399,"Game of Thrones",episode,2,8,"multi","","https://vcloud.fit/tpwmq-dbmepipw_","https://vcloud.fit/cig00sdwo0gfkgo","https://vcloud.fit/tpwmq-dbmepipw_","https://vcloud.fit/b1lsbl1qwkc0muk","Episode 8"
1399,"Game of Thrones",episode,2,9,"multi","","https://vcloud.fit/epbzztpbrzqzs1p","https://vcloud.fit/hfjymyveu2n_mbq","https://vcloud.fit/epbzztpbrzqzs1p","https://vcloud.fit/jiejij117embskr","Episode 9"
1399,"Game of Thrones",episode,2,10,"multi","","https://vcloud.fit/znqi-osp9ssn96i","https://vcloud.fit/haiwmh1wfhph7qp","https://vcloud.fit/znqi-osp9ssn96i","https://vcloud.fit/lgfwtbjgbicebvc","Episode 10"
1399,"Game of Thrones",episode,3,1,"multi","","https://vcloud.fit/ppnt65bdq1jzyrb","https://vcloud.fit/vgkzj0y1vcfqhtq","https://vcloud.fit/ppnt65bdq1jzyrb","https://vcloud.fit/wbamhjwmttfeh12","Episode 1"
1399,"Game of Thrones",episode,3,2,"multi","","https://vcloud.fit/d1b0bkrk0bhe4p9","https://vcloud.fit/c8xphdidqehlphf","https://vcloud.fit/d1b0bkrk0bhe4p9","https://vcloud.fit/9cmzyoh1b2zpdhh","Episode 2"
1399,"Game of Thrones",episode,3,3,"multi","","https://vcloud.fit/ck8nrh1v_xvvcxh","https://vcloud.fit/1ttl1vtnntg-xqh","https://vcloud.fit/ck8nrh1v_xvvcxh","https://vcloud.fit/il91ij9lj5k87n1","Episode 3"
1399,"Game of Thrones",episode,3,4,"multi","","https://vcloud.fit/2o0abwwiuhuqi1g","https://vcloud.fit/yyiilvgcc4b91vl","https://vcloud.fit/2o0abwwiuhuqi1g","https://vcloud.fit/hma0hjtl70na1hj","Episode 4"
1399,"Game of Thrones",episode,3,5,"multi","","https://vcloud.fit/qov4bqnncyymybn","https://vcloud.fit/z49yahiebpziaxt","https://vcloud.fit/qov4bqnncyymybn","https://vcloud.fit/fsfgmtdgdg3ddrd","Episode 5"
1399,"Game of Thrones",episode,3,6,"multi","","https://vcloud.fit/v1espceyt2p-5dg","https://vcloud.fit/ry5myqgrroiwqql","https://vcloud.fit/v1espceyt2p-5dg","https://vcloud.fit/6flbll_jihvfz1r","Episode 6"
1399,"Game of Thrones",episode,3,7,"multi","","https://vcloud.fit/fcpp-bg7n4-hnwn","https://vcloud.fit/0jydn74o0-4a-1n","https://vcloud.fit/fcpp-bg7n4-hnwn","https://vcloud.fit/b01l-jvl1610-y0","Episode 7"
1399,"Game of Thrones",episode,3,8,"multi","","https://vcloud.fit/eq1qoovecxhqhx4","https://vcloud.fit/a1phh_ruaxqq44q","https://vcloud.fit/eq1qoovecxhqhx4","https://vcloud.fit/fywdxlmnzr0up15","Episode 8"
1399,"Game of Thrones",episode,3,9,"multi","","https://vcloud.fit/41mle9vmqg4vgaq","https://vcloud.fit/1enm0ynz0_x_att","https://vcloud.fit/41mle9vmqg4vgaq","https://vcloud.fit/kpo1g233mojdpjp","Episode 9"
1399,"Game of Thrones",episode,3,10,"multi","","https://vcloud.fit/99w_v99wwdd4v2o","https://vcloud.fit/cwdl0sds1yxncku","https://vcloud.fit/99w_v99wwdd4v2o","https://vcloud.fit/tvfwv1z7qot1otg","Episode 10"
1399,"Game of Thrones",episode,4,1,"multi","","https://vcloud.fit/xzggisexy0gb-gh","https://vcloud.fit/wcozuchvvw9vzpn","https://vcloud.fit/xzggisexy0gb-gh","https://vcloud.fit/dcdu_ia-7kazuy7","Episode 1"
1399,"Game of Thrones",episode,4,2,"multi","","https://vcloud.fit/rjza9jcxbbhxx7x","https://vcloud.fit/5noo52ra5veukob","https://vcloud.fit/rjza9jcxbbhxx7x","https://vcloud.fit/c1a2zawza-wb1zs","Episode 2"
1399,"Game of Thrones",episode,4,3,"multi","","https://vcloud.fit/d_2fdfvbgy7fn1r","https://vcloud.fit/0vseqjpsqscirxs","https://vcloud.fit/d_2fdfvbgy7fn1r","https://vcloud.fit/1os2k-2mw-skglq","Episode 3"
1399,"Game of Thrones",episode,4,4,"multi","","https://vcloud.fit/ufn0ylb31w0j-ff","https://vcloud.fit/xbqguuubfqp79md","https://vcloud.fit/ufn0ylb31w0j-ff","https://vcloud.fit/jzcz0y4b9cmyz0h","Episode 4"
1399,"Game of Thrones",episode,4,5,"multi","","https://vcloud.fit/y4tfxetqk-ffh66","https://vcloud.fit/svrkapz0asbkks1","https://vcloud.fit/y4tfxetqk-ffh66","https://vcloud.fit/gm5mfpvv-7o7pyj","Episode 5"
1399,"Game of Thrones",episode,4,6,"multi","","https://vcloud.fit/ujs2ev1cgmps4_v","https://vcloud.fit/-h2z2y0ufzz_-9z","https://vcloud.fit/ujs2ev1cgmps4_v","https://vcloud.fit/swb2uvb23o3dnnw","Episode 6"
1399,"Game of Thrones",episode,4,7,"multi","","https://vcloud.fit/fccljpec5ej1j_e","https://vcloud.fit/7v7114d1b1vetn8","https://vcloud.fit/fccljpec5ej1j_e","https://vcloud.fit/lber1erxux1jxt1","Episode 7"
1399,"Game of Thrones",episode,4,8,"multi","","https://vcloud.fit/1m1zo1uxrr3u-ao","https://vcloud.fit/aaavjju01vqpqxq","https://vcloud.fit/1m1zo1uxrr3u-ao","https://vcloud.fit/gj4htsolgs1hzgo","Episode 8"
1399,"Game of Thrones",episode,4,9,"multi","","https://vcloud.fit/sndncghx2n2ep_o","https://vcloud.fit/hqxhhrdrbmdm1lt","https://vcloud.fit/sndncghx2n2ep_o","https://vcloud.fit/j_vjnupxnna3srn","Episode 9"
1399,"Game of Thrones",episode,4,10,"multi","","https://vcloud.fit/7nwekwseu73fxsn","https://vcloud.fit/p345dr_1o1z31v0","https://vcloud.fit/7nwekwseu73fxsn","https://vcloud.fit/zat5o7ayj1k5yaz","Episode 10"
1399,"Game of Thrones",episode,5,1,"multi","","https://vcloud.fit/gs971m0sscppgxd","https://vcloud.fit/yjt_9xtjzz79jyt","https://vcloud.fit/gs971m0sscppgxd","https://vcloud.fit/1g13j46jdddgs14","Episode 1"
1399,"Game of Thrones",episode,5,2,"multi","","https://vcloud.fit/iadnymlcaxsaytm","https://vcloud.fit/6af9afj5wsa32i5","https://vcloud.fit/iadnymlcaxsaytm","https://vcloud.fit/mgyvbnnrbrkbmdl","Episode 2"
1399,"Game of Thrones",episode,5,3,"multi","","https://vcloud.fit/jlkcmiwwck9icuu","https://vcloud.fit/1xkh7lhkuhf3wpx","https://vcloud.fit/jlkcmiwwck9icuu","https://vcloud.fit/ntrcibhq1r4sq80","Episode 3"
1399,"Game of Thrones",episode,5,4,"multi","","https://vcloud.fit/d1fi01tdwf7ckz0","https://vcloud.fit/wq2pkqyu2g2j19f","https://vcloud.fit/d1fi01tdwf7ckz0","https://vcloud.fit/n51o59-ewo_m-b-","Episode 4"
1399,"Game of Thrones",episode,5,5,"multi","","https://vcloud.fit/f9zi9jkbnhjkxmj","https://vcloud.fit/dj26ghhwhyyyxhd","https://vcloud.fit/f9zi9jkbnhjkxmj","https://vcloud.fit/cc5vcqvpvwfla1h","Episode 5"
1399,"Game of Thrones",episode,5,6,"multi","","https://vcloud.fit/eecbwpib2y12-hn","https://vcloud.fit/xcqwlpgfbd1vype","https://vcloud.fit/eecbwpib2y12-hn","https://vcloud.fit/entgtpjsoyisvot","Episode 6"
1399,"Game of Thrones",episode,5,7,"multi","","https://vcloud.fit/0sar05tworjywgf","https://vcloud.fit/ziaoooccnijvczc","https://vcloud.fit/0sar05tworjywgf","https://vcloud.fit/sssliiej1euojce","Episode 7"
1399,"Game of Thrones",episode,5,8,"multi","","https://vcloud.fit/-yng9rhsln1brhr","https://vcloud.fit/44et54t1iuci2ru","https://vcloud.fit/-yng9rhsln1brhr","https://vcloud.fit/hxl-_f-oi-kh1i_","Episode 8"
1399,"Game of Thrones",episode,5,9,"multi","","https://vcloud.fit/0ppkne30lanlyar","https://vcloud.fit/tauiyztqr20zjft","https://vcloud.fit/0ppkne30lanlyar","https://vcloud.fit/tntcetyzsn1qrva","Episode 9"
1399,"Game of Thrones",episode,5,10,"multi","","https://vcloud.fit/0inmrxcm_hq3coh","https://vcloud.fit/exxbibi8i-xwsib","https://vcloud.fit/0inmrxcm_hq3coh","https://vcloud.fit/eg1e1ayiqfwilio","Episode 10"
1399,"Game of Thrones",episode,6,1,"multi","","https://vcloud.fit/j1gspj9mxcnhgnm","https://vcloud.fit/f1ufikkfbnrnoo0","https://vcloud.fit/j1gspj9mxcnhgnm","https://vcloud.fit/odh1f1fvuvlf1ol","Episode 1"
1399,"Game of Thrones",episode,6,2,"multi","","https://vcloud.fit/mup9dukfal48uiz","https://vcloud.fit/ktna-7s5t0jkas0","https://vcloud.fit/mup9dukfal48uiz","https://vcloud.fit/2i00lryi2qcvo0c","Episode 2"
1399,"Game of Thrones",episode,6,3,"multi","","https://vcloud.fit/zzqzqdyazsq2hnf","https://vcloud.fit/k0uuwrxqlk0bz0q","https://vcloud.fit/zzqzqdyazsq2hnf","https://vcloud.fit/es_tiazfi1qku--","Episode 3"
1399,"Game of Thrones",episode,6,4,"multi","","https://vcloud.fit/kee6vxmiep3xzgu","https://vcloud.fit/jsc_j2zvt1wqay2","https://vcloud.fit/kee6vxmiep3xzgu","https://vcloud.fit/vfo2roo2olv6e-f","Episode 4"
1399,"Game of Thrones",episode,6,5,"multi","","https://vcloud.fit/ahff1asgtiff1fg","https://vcloud.fit/4nmqvumdia-cdun","https://vcloud.fit/ahff1asgtiff1fg","https://vcloud.fit/x7bm-mce1lhbcgi","Episode 5"
1399,"Game of Thrones",episode,6,6,"multi","","https://vcloud.fit/bt2y15veeqtq24e","https://vcloud.fit/ilwzdxwojihooly","https://vcloud.fit/bt2y15veeqtq24e","https://vcloud.fit/iipldkvc-ppe5pa","Episode 6"
1399,"Game of Thrones",episode,6,7,"multi","","https://vcloud.fit/rsvrrdb1ebhdekr","https://vcloud.fit/cw3mvn-0h_l_jzm","https://vcloud.fit/rsvrrdb1ebhdekr","https://vcloud.fit/otooujammvomauw","Episode 7"
1399,"Game of Thrones",episode,6,8,"multi","","https://vcloud.fit/jv7jq6j0u_p_day","https://vcloud.fit/eoxnelx1qqx-ppo","https://vcloud.fit/jv7jq6j0u_p_day","https://vcloud.fit/gcogkvygrnynnvf","Episode 8"
1399,"Game of Thrones",episode,6,9,"multi","","https://vcloud.fit/plrqlnnxnxlrfhx","https://vcloud.fit/ruf552rkssgk225","https://vcloud.fit/plrqlnnxnxlrfhx","https://vcloud.fit/ekf-ndikzhkof-s","Episode 9"
1399,"Game of Thrones",episode,6,10,"multi","","https://vcloud.fit/bkxnfwxgjf-yrw6","https://vcloud.fit/sqsccdsd-lc-ddj","https://vcloud.fit/bkxnfwxgjf-yrw6","https://vcloud.fit/eiik1tel6ln6vni","Episode 10"
1399,"Game of Thrones",episode,7,1,"multi","","https://vcloud.fit/v19sv5yjsygsyp5","https://vcloud.fit/fa2kcwsp_i9i3qj","https://vcloud.fit/v19sv5yjsygsyp5","https://vcloud.fit/wokjvwk1wdk1jhm","Episode 1"
1399,"Game of Thrones",episode,7,2,"multi","","https://vcloud.fit/htwtha7_7lqlhql","https://vcloud.fit/gp3agg1y55igg1a","https://vcloud.fit/htwtha7_7lqlhql","https://vcloud.fit/nqpiq_0glinqcm0","Episode 2"
1399,"Game of Thrones",episode,7,3,"multi","","https://vcloud.fit/1g2sma7v2uxuuwt","https://vcloud.fit/o4y7gdweyxqyw0n","https://vcloud.fit/1g2sma7v2uxuuwt","https://vcloud.fit/a_uym2fymau1b_f","Episode 3"
1399,"Game of Thrones",episode,7,4,"multi","","https://vcloud.fit/gxq1dkan61mc8c9","https://vcloud.fit/wvll3uy1jntqqny","https://vcloud.fit/gxq1dkan61mc8c9","https://vcloud.fit/l0y6p0vp220nm41","Episode 4"
1399,"Game of Thrones",episode,7,5,"multi","","https://vcloud.fit/hlpaullkluc7aj2","https://vcloud.fit/an8lnak2aamur-7","https://vcloud.fit/hlpaullkluc7aj2","https://vcloud.fit/jzh4ykjqf55c5my","Episode 5"
1399,"Game of Thrones",episode,7,6,"multi","","https://vcloud.fit/yetetlafc1lwcyy","https://vcloud.fit/sii715nu66jq3qs","https://vcloud.fit/yetetlafc1lwcyy","https://vcloud.fit/y8f7xizwu9iwauc","Episode 6"
1399,"Game of Thrones",episode,7,7,"multi","","https://vcloud.fit/mrzstaserrzxfxt","https://vcloud.fit/scs71sclbsrt5yt","https://vcloud.fit/mrzstaserrzxfxt","https://vcloud.fit/hlskvds1kgsdgev","Episode 7"
1399,"Game of Thrones",episode,8,1,"multi","","https://vcloud.fit/zwo5kbpl7rt_t5l","https://vcloud.fit/uvkiz9ngoghgu97","https://vcloud.fit/zwo5kbpl7rt_t5l","https://vcloud.fit/mioupoup8usuikw","Episode 1"
1399,"Game of Thrones",episode,8,2,"multi","","https://vcloud.fit/-wwf2ljkmhbp-gz","https://vcloud.fit/d1hg6prhbffu5tb","https://vcloud.fit/-wwf2ljkmhbp-gz","https://vcloud.fit/eqieuxiuqkjgfkx","Episode 2"
1399,"Game of Thrones",episode,8,3,"multi","","https://vcloud.fit/bm8sgw_asdemava","https://vcloud.fit/dz3i3i9p1vniiy1","https://vcloud.fit/bm8sgw_asdemava","https://vcloud.fit/sjbpncbe6e_z2zm","Episode 3"
1399,"Game of Thrones",episode,8,4,"multi","","https://vcloud.fit/azr_amainakkazb","https://vcloud.fit/nswknw8w1jaita-","https://vcloud.fit/azr_amainakkazb","https://vcloud.fit/m3vdwzmwa1w7zvw","Episode 4"
1399,"Game of Thrones",episode,8,5,"multi","","https://vcloud.fit/c-weiv1czxauv1i","https://vcloud.fit/c1_t28u_t3otev2","https://vcloud.fit/c-weiv1czxauv1i","https://vcloud.fit/rb1xia5xd0h_jel","Episode 5"
1399,"Game of Thrones",episode,8,6,"multi","","https://vcloud.fit/6ypdf781bp6bn1b","https://vcloud.fit/2itup-jwnnwh-oh","https://vcloud.fit/6ypdf781bp6bn1b","https://vcloud.fit/sltih-vzlofwv-h","Episode 6"
